6871.7,3476.6,5196.5
6877.7,3477.3,5191.7
6871.5,3474.5,5194.2
6859.7,3499.9,5207.2
6871.5,3517.2,5199.8
6889.3,3475.1,5181.3
6871.1,3480,5196.9
6863.8,3475.4,5201.4
6873.9,3489.5,5199.3
6863.8,3494.8,5184.7
6584.8,3029.8,5763.4
6576.4,3034.7,5764.9
6575.4,3032,5772.6
6575.5,3022.4,5746
6573.6,3025.7,5760.6
6581.4,3023.5,5774.4
6568.5,3033,5766.9
6582.6,3034.6,5765.5
6578.5,3027,5753
6574.4,3032.4,5768.9
6558.5,3045.9,5768.8
7404.9,3571.1,5713.6
7395.6,3572.5,5713.8
7399.5,3578.2,5709.2
7407.7,3524.8,5708.3
7402.8,3578.5,5697.2
7397.3,3565.7,5716.5
7408,3570.9,5712.3
7409.1,3577.3,5713.5
7413.8,3567.4,5707.2
7686.9,3038.4,4902.4
7697,3040.2,4892.9
7694.8,3056.9,4909.7
7700.6,3042.3,4904.4
7682.1,3040.4,4892.2
7715.7,3024.9,4900.4
7691.7,3040.1,4907.5
7697.5,3024.9,4904
6420.1,4078.3,5785.3
6419,4083.1,5785.1
6420.2,4082.5,5787.6
6415.5,4081.4,5782.3
6419.8,4079.5,5782.4
7544.3,4022.1,6519.1
7549.4,4036.5,6529.1
7537.7,4026.1,6520.5
7559.2,4026.3,6510.1
7555.1,4022.1,6514.2
6599.4,3418,4954.3
6600.3,3444.6,4965.3
6596.5,3444.4,4959.6
6613.1,3425,4958.3
6598.1,3445.2,4951.5
6593.1,3450.7,4965.8
6600.6,3459.3,4971.6
6636.2,3443.4,4949.2
6799.6,3682.8,6069.1
6796,3686.7,6068.1
6778.9,3682.1,6077.4
6802.1,3691.3,6093.3
6793.7,3671.1,6076.1
6795.5,3683,6071.9
7006.9,3753.4,6241.1
7027.3,3744.4,6229
7000.1,3745.8,6242.9
7011.5,3754.9,6217.6
7005.7,3762.6,6235.5
7009.5,3756.3,6241.7
7005.9,3756.5,6241.5
7014.4,3755.6,6243.8
7006.8,3754.8,6228.4
7005.8,3747.8,6218.1
6994.8,3752.1,6238.3
7008.7,3758.1,6236.8
7013,3763.4,6232.2
7008.6,3761.4,6233.4
7026.8,3765.5,6241.2
5889.7,3062.4,6120.4
5897.8,3047.8,6113.7
5897.6,3047.8,6116.7
5906.3,3054.1,6112.9
5886.4,3054.1,6134.1
5891.5,3051.2,6112.6
5905.7,3038.6,6101.4
5901.5,3048.7,6119.6
5884.7,3042.2,6124.2
5896.1,3040,6115.4
8030.1,3813.7,5400
8033.5,3831.3,5379.7
8024.7,3819.4,5376.5
8036.9,3853,5373.7
8027.5,3823.8,5388.6
8044.6,3836.2,5383
8029,3818.2,5390.3
8016.7,3821.8,5391.8
6470,3874.4,5979.7
6455.1,3875.6,5976
6470.9,3837.9,5971.5
6455.2,3862.7,5973.6
6454.4,3866.9,5976.5
6468.6,3870.9,5970.5
6454.8,3868.7,5974.5
6455.7,3867.7,5969.1
6455.2,3857.1,5973.5
6465.7,3868.1,5967.1
6458.9,3874.3,5980.2
6458.3,3883.4,5973
6462.2,3859.9,5989.1
6455.6,3862.5,5972.4
6468.8,3877.9,6005.4
6451.6,3863.9,5972.9
6540.2,3442.2,5232
6530.1,3435.9,5247.5
6527.4,3459,5239.6
6531.3,3442.9,5249.8
6541,3425.5,5241
6534.4,3442,5233
6514.6,3445.5,5244
7055,3555.1,5444.8
7062.1,3565.8,5453.5
7043.8,3565.2,5446.1
7060.3,3569,5453
7049.5,3566.1,5445.6
7058,3553.2,5448.3
7054.5,3561.9,5459.1
7066.6,3571.4,5442.2
7055.5,3566.3,5446
7060.7,3577.5,5455.1
7282,3843.8,4990.3
7278.8,3843.7,4989.5
7280.7,3844.5,4992.2
7273.3,3849.8,4980
7282.2,3833.6,4976.7
7284.9,3851.7,4998.8
7285.3,3846.1,4979.7
7265.6,3847.3,4992.3
7283,3841.8,4986.4
7281.1,3847.4,4990.6
7284.8,3844.8,4992.4
7289,3854.5,4978.1
7287.9,3854.2,4967.5
7645.2,2258.1,612.25
7625.7,2259.3,619.35
7633.7,2251.6,615.64
7630.8,2253.7,597.19
7626.5,2267.3,606.59
7626.8,2261.2,623.54
7626.6,2258.5,617.21
7605.2,2248.2,614.18
7621.1,2244.7,611.3
7622,2255.8,604.22
7631.6,2257.4,618.82
7633.6,2253.5,611.2
7626.5,2262.9,607.48
7625.3,2259,628.03
6213.5,1735.9,93.336
6231.2,1733.2,96.785
6224.5,1732.3,75.68
6228.1,1740.2,95.717
6235.8,1735.4,87.533
6237.4,1763.2,87.635
6241.1,1725,103.18
6242.2,1738.6,107.44
6231,1733.9,86.381
6225.7,1733.8,92.404
6171.4,1626.3,848.98
6175.9,1590.7,845.97
6187.6,1610.8,849.97
6181.4,1604.7,856.42
6175.9,1610.8,841.06
6180.9,1599.3,848.69
6181.2,1603.9,826.73
6177.4,1628.1,863.02
6181.8,1600.8,853.56
6176.2,1591.9,857.83
6181.2,1604.4,856.48
6184.5,1604.9,850.17
6178.2,1606.1,838.85
6167.6,1626.8,850.96
5906.3,1771.6,1343
5922,1766.4,1330.3
5926.4,1764.6,1348
5945.2,1761.3,1330.3
5932.8,1762.6,1332.6
5921.8,1765.2,1336.8
5929.9,1756.6,1333.6
5933.6,1770.5,1341.5
5924.7,1762.5,1335.5
5912.8,1767.2,1343.9
6391.5,1214.6,974.57
6400.7,1205.4,976.14
6384.6,1206,982.68
6392.2,1216.3,980.8
6388.9,1217.4,973.85
6383,1207.9,964.79
6381.1,1212.5,983.24
6366.4,1210,965.37
6392.2,1204.3,965.03
6477.7,1039,802.64
6474.2,1043.9,795.71
6473.5,1047,797.37
6476.8,1031.8,835
6474.1,1033.3,790
6463.8,1042.2,819.59
6464,1060.3,797.02
6447.1,1037,808.47
6476.6,1034.1,792.31
6470,1038.8,810.56
6467.3,1057.5,778.79
6478.6,1038.1,805.92
6504.1,1045.7,804.31
6454.7,1041.1,794
6347.4,2617.7,548.52
6342.6,2609.4,538.25
6344.9,2598.2,536.77
6376.8,2604.5,544.37
6358.6,2600.1,539.85
6351.6,2606,534.35
5730.1,1804.1,12.344
5737.4,1798,19.115
5734.1,1782.8,32.18
5726.2,1798.1,25.272
5708.5,1796.4,15.554
5733.6,1824.2,37.151
5733.8,1795.8,15.171
5759.7,1805.8,42.718
5731.9,1804.1,20.239
5736.7,1807.5,23.446
5737.7,1785.1,32.445
5725.8,1795.7,43.691
6156,1232.3,1171.4
6162.8,1224.4,1166.5
6164.4,1220.3,1169.4
6144.9,1223.3,1164
6171.9,1228.9,1184.7
6174.3,1225.2,1152.7
6171.9,1236.9,1168.2
6161.6,1229.1,1164.3
6895,1999.7,393.49
6891.7,2003.3,406.9
6890,2002.1,401.66
6889.6,2000,408.51
6885.9,2002.7,374.93
6894.2,2026.3,422.29
6887.2,1994.8,403.52
6891.1,2010.1,422.45
6900.1,1998.9,397.63
6886.8,2002,402.14
6886.3,2007.7,409.18
6896.2,2000.9,398.88
6898.6,2003.7,407.22
6891.6,2000.5,407.62
6899.6,2026,413.83
6144,1539.7,160.83
6141.9,1540.4,151.69
6115.1,1544.7,157.6
6150.2,1547.7,152.47
6151.9,1520.3,128.22
6143.9,1539.9,158.82
6140.7,1525.4,180.9
6126.4,1561,160.13
6131.8,1548.5,143.45
6147.5,1548.9,159.28
6144.2,1544.7,172.82
5065.1,2342,1073.7
5062.4,2351.6,1076.5
5074.9,2338.9,1077.8
5055.8,2349.2,1072.6
5058,2350.2,1079.6
5065.4,2335.4,1075
5055.2,2351.9,1071.6
5071.6,2346.5,1068.7
5057.8,2342,1069.8
6163.4,1822.1,48.495
6158.7,1830.5,49.705
6159.1,1828.3,58.693
6159.1,1821.4,61.646
6155.6,1820,46.977
6159.3,1824.2,42.165
6157.5,1820.9,42.649
6154.8,1825,44.921
6168.4,1814.7,48.386
5479.6,1324.5,790.82
5455.9,1325.4,809.19
5465,1315.7,823.14
5464,1321.1,804.1
5469,1323.8,809.02
5472.7,1321.2,801.49
5486.9,1320.7,798.26
5463.6,1320.3,795.93
5464,1338.9,821.48
6485.2,1306,658.74
6478.4,1295.4,628.96
6465.1,1292.8,674.05
6465.9,1294.2,665.88
6481.7,1299.1,672.58
6477.7,1295.8,664.67
6480.5,1303.5,657.27
6477.9,1298.1,668.3
3912.3,7619.5,7680.2
3910.7,7623.1,7681.5
3912.8,7617.8,7690.7
3903,7633.3,7694.7
3913.2,7618.8,7683.8
3912.2,7628.5,7673.9
3921.2,7626.9,7659.9
3923.9,7615.5,7680.3
3547.2,7313.4,8590
3545.9,7316.5,8587.4
3556,7323.5,8579.9
3540.5,7325.9,8596.6
3572.8,7320.6,8586.7
3554.8,7315.8,8592.2
3568.6,7309.7,8590.4
3560,7321.9,8585.6
3555.4,7323.4,8583.5
3534.5,7329.4,8584.9
3553,7324.2,8579.9
3557.6,7321.6,8594.4
3399.8,8376.6,7492.4
3405.1,8354.8,7490.6
3401.5,8359.6,7503.5
3391.6,8351.1,7503
3396,8386.3,7497.3
3397.1,8362.8,7492.7
3385,8360.9,7515.4
2361,8503.6,8672.3
2369.4,8470.8,8686.6
2368.5,8491.5,8687.3
2360.2,8481.4,8706.6
2395.5,8491.9,8673.6
2377.8,8493.8,8674.6
2372.4,8479,8687
2373.6,8487,8671.6
2367.2,8488.2,8677.4
2366,8491.7,8675.6
2372.8,8484.2,8683.9
2363.7,8490.5,8682.3
1738.2,8330.6,7572.8
1753.9,8341.3,7560.9
1749.1,8338,7569.7
1741.8,8337.8,7572.4
1738.1,8343.7,7569.7
1750.3,8337.1,7576.4
1739.1,8322.7,7579.8
1736.1,8342.2,7569.5
1734.4,8346.4,7568.4
1742.9,8333,7582.2
1750.9,8332.2,7579.9
1736.9,8333.4,7572.9
1746.4,8348.4,7564.1
2911,7820,8596.6
2918.8,7833.3,8601.1
2913.2,7828.6,8609.2
2909.2,7830.4,8588.3
2911,7832.9,8603.3
2925.7,7857.1,8596.9
2911.9,7822.3,8602.7
2931.8,7832.2,8606.2
2905.8,7841.2,8609.5
2226.8,7832.3,8185.9
2224.3,7808.1,8181.3
2219.1,7805.7,8186.5
2231.8,7814.3,8173.5
2216.8,7807.4,8175
2220.4,7815.9,8175.6
2220.4,7809.8,8182.2
2222.7,7800.5,8183.2
2215.4,7807.2,8171.6
2222.9,7809.5,8175.4
2219.8,7812,8206.3
3278.3,8143.9,7625.8
3281.6,8175,7619
3271.9,8152.5,7623.1
3269.8,8137.1,7627.5
3265.9,8144.1,7627.7
3251.6,8145.4,7625.1
3268.7,8142,7621.8
3251.3,8146.7,7631.7
2900.6,7723.9,8620.9
2892.2,7728.4,8636.1
2893.8,7733.5,8625.5
2926.3,7744.4,8620.3
2879.6,7740.4,8620
2895,7721.5,8626.8
2890.6,7722.5,8627
2902.7,7731,8623.2
2898.9,7739.1,8632.6
2894.9,7724.9,8615.9
2893.7,7740.6,8642.2
2570,7468.6,9070.9
2564.4,7474.3,9074
2562.1,7474.3,9062.1
2563.7,7475.8,9081.4
2563,7487,9071.4
2585.4,7485.5,9069.9
2576.7,7482.9,9073
2560.6,7479.9,9076.2
2567,7480.4,9079.2
2577.4,7452.1,9092.4
2567,7484.5,9077
3091,7606.2,8743.6
3095,7601,8740.4
3096.7,7599.5,8752.5
3082.8,7608.5,8742.9
3088.6,7598.7,8732.9
3086.5,7606.8,8738.2
3077.1,7614.3,8749.5
3091.1,7598.3,8747
3088,7613.9,8740.9
3099.6,7610.5,8744.4
2886.3,8155.5,8835.6
2870.3,8142.7,8844.4
2876.1,8150.7,8848.2
2871.3,8139.2,8832.2
2855.5,8137.9,8836.8
2889.3,8163.5,8836.9
2876.8,8113.1,8832
2869.8,8150.9,8843.8
2875.7,8151.4,8835.4
3718.7,7663.7,8194
3730.9,7662.1,8225.6
3732.2,7654.4,8212.9
3725.4,7669.2,8208.4
3740.4,7657.7,8220
3730.8,7659.6,8215.2
3725.6,7659.2,8216.7
3732.1,7663.3,8215.5
3729.2,7669.3,8206.8
3710,7664.6,8199.3
3719.6,7662.6,8206.4
3732.9,7661,8223
3726.1,7655.1,8209.7
3722,7658.5,8217.3
3383.9,7849,8833.2
3389.5,7859.2,8851.8
3385.7,7863.4,8822.2
3382.3,7847.2,8833.5
3371.6,7853.4,8831.9
3376.1,7858.5,8820.2
3377.3,7854,8831
3378.4,7869.5,8826.2
2544.5,7823.7,7862.1
2542.7,7823.3,7871.1
2534.6,7820.6,7865.6
2532.1,7831.6,7864.8
2527.1,7811.9,7870.4
2538.3,7831.7,7864.4
2537.3,7836.6,7859.9
2537.4,7824.6,7873.1
2537.7,7830.2,7875.3
2530,7827.4,7869.8
2811.5,6599.8,9246.8
2829,6596.4,9269.9
2793.5,6609.5,9262.7
2820.6,6584.8,9270
2816.4,6591.4,9265.8
2801.3,6594.2,9269.3
2817.7,6571,9264.2
2811.5,6598.2,9279.2
2803.6,6590.2,9266.9
2810.2,6589.5,9274.7
2813.3,6602.3,9262.2
2799.6,6590.4,9272.4
2813,6584.7,9264.9
2801.2,6597,9301.8
2821,6597.3,9262.5
2810,6588.4,9262.3
2808.1,6587.3,9256.6
2808.1,6607.5,9256
2805.8,6575.5,9270.2
2814.1,6578.2,9271.7
3364.5,7146.1,8076.3
3396.5,7156,8080.3
3377.2,7150.7,8079.6
3355,7145.5,8092.9
3383.9,7147.7,8080.3
3376.6,7135.9,8067.8
3388.2,7158.7,8100.2
3398.9,7141.6,8093.9
8444.8,2213.2,683.33
8434.4,2210.6,659.16
8419.6,2227,686.4
8442.6,2208.7,670.66
8426.3,2212.9,695.7
8430.9,2214.8,701.66
8432.9,2227.1,679.95
8437.4,2212.1,687.95
8434.3,2220.5,684.93
8441,2204.5,669.68
8436.9,2228.9,691.34
8428.5,2215.2,677.03
8445.3,2212.6,642.28
8431.2,2204.9,688.2
8437.2,2206.8,684.13
8378.6,763.79,916.53
8374.3,762.73,934.19
8370.4,734.64,923.86
8372.9,757.15,924.46
8346.9,766.36,926.64
8370.6,756.82,931.22
8373.7,765.41,909.47
8366.5,772.84,932.94
8365.6,760.35,932.28
8360.7,766.48,924.46
8382.5,777.93,915.49
8368.9,766.78,934.31
8396.8,760.58,907.39
8213.8,1889.8,617.82
8227.9,1889.7,621.26
8229.8,1898.5,619.27
8226.2,1896.9,619.56
8228,1898.1,618.72
8230.7,1892.2,620.41
8232.2,1893.5,622.13
8233.3,1886.7,614.03
8254.4,1882.3,644.97
8238.9,1919.1,602.9
8232.8,1907.7,607.49
8230.8,1907.5,630.87
8247.3,1885.9,629.28
8220.2,1900.3,610.22
8587.3,1675.7,1012.3
8575.5,1672,1013
8586.4,1675.6,1012.2
8574.4,1691.9,1001.2
8573.1,1671.4,1015.1
8576.9,1670.8,1009.7
8580.2,1673.9,1006.5
8575.8,1681.1,1023.3
8579.5,1675.6,986.19
8587.1,1683.2,1002.6
8577.9,1672.2,1023.7
8578.3,1673.7,1016.3
8592.1,1547.3,1232.2
8590,1544.7,1227.2
8572.5,1535.7,1262.1
8581.6,1549.9,1245.7
8589.6,1534.8,1243.3
8590.4,1533.7,1238.6
8594.9,1538.1,1237.2
8566.4,1544.5,1244.8
8590,1524.3,1229.5
8584.8,1530.7,1235.2
8587.2,1547,1234.8
8640,1797.1,832.04
8635.7,1787,835.14
8654.2,1778.5,834.08
8617,1792.3,835.14
8640.5,1785.1,828.62
8635.5,1783.3,834.93
8633.1,1787.7,825.98
8650.5,1767.6,823.69
9308.8,1649.6,819.39
9298.3,1690.9,827.94
9307.3,1692,809.49
9309,1697.3,814.84
9290.8,1699.6,825.49
9306.6,1692,821.67
9311.2,1691.5,820.99
9588.5,1276.9,202.51
9594.2,1278.8,209.25
9598.3,1263.2,210.85
9602.1,1288,212.74
9602.4,1270.6,209.67
9589.2,1285.9,212.05
9596.5,1282.2,210.72
9578.8,1279.7,218.06
9617.8,1279.2,224.93
9595.6,1289.1,197.97
9605.1,1282.6,211.73
9602.1,1273.2,218.82
9602.9,1272.1,212.73
9602.8,1287.3,212.97
9592.1,1273.6,215.24
8775.9,1027.8,84.059
8799.3,1030.8,73.848
8789,1044,92.34
8775.8,1026,85.628
8771.6,1024.7,70.139
8789.7,1033.2,80.764
8794.3,1033.4,78.327
8780.7,1035.8,59.164
8790.6,1032.6,83.935
8793.5,1050.4,57.426
8801.8,1031.7,72.797
8786,1034.1,69.433
8534.8,1283,527.05
8532.3,1278.7,524.84
8521.3,1289,528.58
8538.1,1279.4,520.8
8537.4,1282.8,520.21
8535.5,1296,522.06
8517.7,1306.2,523.06
8526.4,1273.2,517.36
8535.7,1279,524.17
8537,1306.3,513.24
8525.2,1277.9,517.69
8532.1,1284.2,513.95
8528.9,1298.4,531.01
8525.4,1290.4,521.66
8536,1289.7,513.66
8528.4,1287.5,522.94
8530.9,1293.8,527.01
8424.5,2369.2,1037.1
8421.1,2355.1,1023.8
8410.7,2376,1037.9
8419.6,2366.4,1025.8
8426.8,2371.7,1004.4
8433.3,2377.8,1021.7
8430.2,2367.8,1020.7
9309.2,540.44,1439.8
9308.7,546.5,1429.8
9311.9,550.37,1431.4
9299.3,551.4,1446.8
9299.7,540.74,1428.7
9316.8,551.65,1432.8
9299.7,546.31,1434.5
9300.1,550.88,1432.5
9305.8,549.35,1434.2
9303.7,542.06,1419.4
9308.8,558.4,1425.1
9301.6,551.05,1432.4
9304.4,550.83,1431.1
9314,552.76,1437.3
9303.4,576.37,1439.6
9289.1,545.53,1434.6
9309.1,537.46,1427.7
9300.4,545.76,1420.1
9302.1,541.84,1426.6
9298.5,543.88,1413.8
8611.7,1338.2,1636.9
8590.1,1340.4,1645.5
8596.1,1345.5,1636.7
8614.1,1353.8,1652.7
8604.5,1339.9,1654
8603.8,1352.9,1645.4
8598.8,1347.2,1628.9
8593.3,1331,1638.5
8593,1336.6,1672.9
8575.6,1570.1,558.63
8584.5,1543.8,545.85
8576.4,1550.3,563.28
8587.9,1578.7,561.36
8582,1561.7,554.18
8581.7,1549.6,562.58
8583.5,1553,572.54
8584.2,1557.9,560.59
8582.3,1591,575.49
8574.5,1542,570.09
8576.9,1555,557.68
8582.5,1546.2,575.66
8584.8,1555,570.28
8236.6,1255.2,477.78
8234.8,1264.9,481.32
8233.9,1256.3,477.63
8235.3,1252.9,478.59
8216,1262.8,477.38
8233,1252,469.29
8227.6,1256.7,469.19
8235.2,1249.7,476.54
8237.7,1258,472.55
8235.3,1251.1,485.8
8231.8,1248.3,472.46
8225,1263.6,476.06
8224.4,1249.2,474.98
8946,1897.7,983.56
8952,1892.9,989.66
8948.5,1879.5,995.89
8953.2,1891.7,978.72
8939.9,1900.2,979.85
8951.2,1889.9,981.56
8950,1880.3,988.63
8946.7,1901.3,995.68
8941.7,1903.3,986.65
8954.2,1889.8,983.05
8941.7,1895,991.35
7601.2,1112.1,964.08
7594.4,1104.5,945.86
7609.2,1103.7,961.33
7610.6,1111.5,960.72
7610.5,1091.3,947.6
7604.1,1095.7,956.41
7596.9,1090.1,955.65
7610.6,1100.9,953.19
7622.7,1093.6,958.17
7613.3,1101.6,948.35
7613.9,1102.6,956.42
7601.8,1099.3,944.66
7605.8,1103.6,962.3
7606.3,1099.3,964.6
7886.6,2922.5,574.7
7885.3,2913.8,583.37
7896.6,2927.2,576.9
7887.2,2917,580.55
7872.6,2918.4,548.82
7887.1,2911.6,581.06
7884.1,2917,567.23
7885.9,2923.2,584.24
7883.8,2892.2,572.64
8343.4,1214.6,72.962
8345,1222.8,81.609
8343.4,1216.8,75.338
8334.2,1212.9,69.742
8340.6,1215.1,77.866
8337.9,1215.2,67.077
8349.8,1216.4,63.101
8347.8,1212.3,65.349
8296.7,1766.9,936.46
8305.4,1759.3,954.26
8300.7,1746.6,946.81
8297.4,1763.6,948.77
8304.6,1752.8,935.4
8279.8,1764.6,937.26
8314.1,1759.7,940.33
8304.9,1756.2,940.78
8299.5,1777.6,939.95
8302.2,1741.8,947.17
8303.3,1757,938.74
7618.5,1028.1,1352.2
7620.4,1028.2,1344.1
7617.4,1023.1,1341.6
7627.4,1025.7,1351.9
7614.2,1033.9,1352.7
7626.4,1020.1,1356.6
7625.4,1033.7,1354.2
7613.6,1038.5,1378.8
7606.5,1039.7,1358.8
7597.1,1030,1362.1
7634,1027.1,1349.5
7622.4,1039.8,1363.3
7606.3,1021.1,1350.2
8022.2,2449.5,720.42
8045,2450,715.38
8009.7,2446.5,718.91
8048.2,2462.9,719.11
8041.9,2448.2,726.61
8034,2463.5,717.36
8038.4,2456.3,726.43
8037.5,2453.6,722.98
8581.6,1437.5,1181.3
8579.1,1449.5,1169.7
8570.8,1431.6,1170.1
8580.7,1441.8,1148.4
8585,1438.9,1168.6
8581.5,1453.7,1167.7
8584.7,1435.1,1176.3
8563.3,1447.7,1163.5
8574.4,1447.4,1155.2
8579.5,1440.9,1180.2
8591.3,1462.6,1169.4
8623.6,2390.6,156.73
8607.7,2384.4,156.99
8605.7,2394.4,159.22
8620.9,2389.3,144.95
8603.5,2398,163.5
8617.4,2379.7,171.39
8626,2391.7,162.53
8610,2402.3,159.62
7388,8530.2,8104.2
7385.5,8524,8128.1
7388,8517.4,8115.9
7383.4,8515.4,8133.8
7380.6,8512.3,8142.7
5853.2,8806.7,7484.3
5838.9,8804.9,7481.9
5841.6,8809.2,7487.9
5843.5,8807.1,7481.2
5857.5,8831.8,7472.8
5854.2,8794.6,7480.6
5856.6,8818.3,7482.9
5855,8810.7,7487
5863.1,8811.1,7469.4
5856,8810.2,7478.8
7277.3,9208.3,7552.1
7281,9199.7,7553.2
7270.3,9209.6,7548.1
7277.4,9205.2,7552.1
7277.5,9198.3,7548.1
7275.5,9196.1,7554
7275.7,9202.4,7564
7267.4,9198.8,7554.1
7269.9,9189.9,7546
6761.9,9575.5,7133.3
6758.8,9575.2,7127.4
6761.6,9558.5,7138.8
6770.5,9552.5,7131
6749.2,9576.9,7129.9
6755.5,9566.4,7133.3
6771.6,9566.5,7123.8
7247.3,9749,7927.4
7231.6,9761.8,7935.2
7234.3,9749.2,7925.2
7224.7,9748.2,7929.2
7237.5,9758.4,7950.4
7235,9745.5,7953.6
7234.2,9757.4,7930
7234.7,9757.4,7928.8
7226.7,9743.4,7931.4
7254.3,9747.4,7935.2
7230.3,9762.2,7934.1
7245.2,9750.8,7928
7237.7,9749,7928.1
5816.1,9186.5,8243.1
5836.6,9193.5,8250.3
5821.2,9196.8,8255.2
5831.4,9193,8271.1
5819.2,9177.6,8249.8
5821.7,9203,8274.1
5828.8,9185.8,8254.7
5826.9,9186.7,8262.1
5825.6,9191.9,8240.3
5828,9205.3,8253.6
5804.6,9182.2,8260.6
6180,9993.8,6268.2
6158.5,9996.3,6278.5
6175.4,9991,6288.6
6164.6,9996.6,6283.7
6174,9992,6279.7
6159.1,9995,6277.4
6173.2,9992.5,6283.2
6156.8,10000,6276.5
6162.8,9989.9,6275.4
6163.1,9994.1,6302.4
5906.4,9864,7300.5
5907.5,9849.5,7326
5927.7,9858.4,7319
5909,9859.2,7312.2
5909.3,9870.3,7315.2
6616.2,8222.5,6613.6
6623.7,8223.4,6624.5
6620,8227.2,6618.3
6617.1,8227.9,6603.5
6634.4,8226.7,6613.5
6628.8,8189.3,6623
6253.2,8710.7,8437.3
6220.1,8716.7,8440
6242.6,8721.6,8423.9
6229.3,8704.1,8428.7
6241,8716.2,8434
6225,8720.3,8434.2
6241.3,8718.1,8426.3
6235,8725.5,8431.7
6234.2,8715.9,8432.1
6232.6,8712.4,8433.6
6232.5,8730.4,8430.7
6407.7,9439.3,8081.9
6415.7,9431.6,8084.8
6409.8,9447.4,8084.4
6416.9,9443,8080.6
6420.9,9436.9,8084
6417.2,9436.7,8092.9
6418.9,9435.4,8102.7
6412.1,9425.5,8099.1
6425.1,9434.7,8108.6
6415,9441.2,8096.7
6438,9431.7,8096.9
7033.7,9042.3,7469.1
7060.5,9054.8,7488.6
7043,9058.3,7472.1
7040.3,9058.9,7491.1
7048.1,9055.6,7495.5
7049.2,9071,7482.9
7050.4,9052.1,7488
7030.9,9058.8,7483.8
7049.4,9038.2,7483.7
6744.2,9553.8,7366.9
6744,9554.7,7362.6
6744.8,9558.2,7388.5
6755.4,9560.7,7373.9
6733.6,9573.1,7363.4
6744.2,9567.5,7363.5
6760.3,9563.2,7367.8
6747.5,9551.3,7367.3
6745.1,9560.1,7370.9
6745.7,9566,7374.8
6729.6,9557.2,7368.7
6743.3,9562.3,7374.8
6747.9,9551.4,7365.5
6772.4,9552.5,7381.6
6344,8564.2,7308.9
6359.8,8564.5,7312.1
6329.7,8557,7311.4
6345.6,8564.6,7313.7
6351.9,8550.4,7311.3
6348.8,8546.9,7309.8
6334.7,8556.3,7297.8
6343.6,8554.5,7283.1
6340.4,8570.3,7311.2
6368.5,8557.1,7303.9
6355.7,8574,7331.6
6345.2,8559,7308.2
6348.3,8556.9,7310.5
6342.2,8543.1,7307.9
6348.5,8545.9,7313.2
6342.1,8558.8,7309.3
6353.2,8565,7309.3
6344.8,8558.9,7316.8
6355.5,8562.6,7330.6
6343.2,9012.6,7309.2
6315.5,9053.8,7311
6318.5,9042.9,7300
6299.2,9031.5,7313.6
6311.3,9029.2,7315.8
6315.7,9029.8,7308
6301.7,9024.4,7309.1
6299.9,9018.3,7308.5
6287.7,9038.1,7310.1
5948.2,9133.2,6285.7
5953.1,9146.9,6289.7
5949.8,9154.5,6296.3
5953.8,9154.5,6278.5
5952.9,9114.1,6310.5
5948.3,9157.5,6292.7
5951,9140.1,6292.2
5971.8,9151.3,6291.8
5917.4,9147.9,6289
4558.1,3341,1688
4550.7,3337.8,1697.3
4544.6,3340.9,1698.7
4556.3,3337.4,1697.4
4530.3,3331.5,1685
4563,3334.9,1683.8
4535,3328.3,1686.9
4945.9,4576,1496.1
4966,4578.2,1504.4
4953.9,4573,1489.4
4967.1,4589.3,1508.8
4955.4,4570.8,1496.2
4956.7,4575.1,1501.5
4919.7,4574.4,1490.4
4949.6,4577.1,1497.2
4955.9,4569.9,1493
4933.3,4588.8,1488.5
5176,4023,1261.3
5173.9,4021.4,1260.5
5180.9,4037.3,1258.4
5180.6,4029.5,1260.6
5179.9,4021.9,1262.5
5189.3,4021.8,1266.7
5193.4,4035.3,1260.9
5169.1,4028.2,1256
5186.4,4044.1,1260.6
5178.5,4036,1238.9
3000.3,3747.3,1019
3014.1,3750.2,1003.7
3003.4,3744.8,1015.5
3006.6,3761.4,1014.3
2992.6,3745.9,1002.9
2998.2,3755.1,994.27
3009.2,3755,1009.9
3014.9,3748.5,1005.6
3004.8,3749.2,989.65
3009.5,3752.6,1004.8
3005.3,3738,1004.5
2998.6,3760.7,1010.1
3015.3,3745.2,996.76
3009.7,3747.8,1008.7
3738.8,3825.4,1291.6
3752.8,3803.8,1306.1
3758.3,3808.4,1319.6
3744.2,3796.1,1295.8
3743.5,3776.6,1305.2
3738.3,3815.1,1302.4
4062.4,4039.3,2050.4
4111.4,4060.8,2091
4062.4,4046.8,2054.1
4071.8,4042.7,2048.3
4060.3,4052,2019.1
4067.6,4039.2,2046.7
4050.3,4059.8,2062.4
4070,4048.4,2054.5
4063.6,4049.8,2069
3674,3904.1,727.69
3690.9,3911.6,727.03
3662.9,3911.2,725.6
3697.9,3919.9,718.58
3683.1,3930.9,730.48
3678.3,3910.3,710.51
3683.3,3917.1,718.77
3680.5,3920.1,719.22
3664.3,3912.9,707.58
3693.3,3909,718.87
3685.7,3923.6,722.73
3680.2,3924.5,712.92
5512.2,3712.5,910.08
5485.2,3705.7,923.8
5472.2,3683.4,921.35
5499,3704.6,939.39
5494.4,3690,923.76
5491.4,3699.7,901.44
5496.9,3695.3,904.89
5510.4,3709.9,903.1
4180.4,4195.3,1469.6
4184.9,4196.2,1460.8
4176,4202.9,1466.4
4175,4197.3,1460.3
4178.5,4204.2,1453.4
4169.4,4200.8,1456.5
4182.4,4181.8,1477.9
4173.3,4187.5,1479.9
4178.3,4195.8,1455
4182.1,4178.8,1461
4166.4,4176.9,1467
3716.9,3906.7,1567.6
3711.1,3901.3,1563.9
3697.4,3887.3,1563.8
3712.2,3898.9,1582.9
3714.4,3911.6,1565.7
3698.2,3903.6,1573.8
3722.6,3906.4,1566.8
3720.7,3900.1,1573.3
3702.8,3901.3,1575.9
3709.9,3916.2,1570.6
3717.4,3900.5,1564.1
3883.2,3562.1,1442.9
3881.1,3558.6,1446.5
3883.7,3565.6,1443
3878.3,3555,1461.8
3894.8,3559.6,1431.1
3884.4,3556.5,1442.5
3871.3,3559.9,1445.4
3888.7,3560.7,1448.5
3898.3,3557.1,1439.5
3870.2,3549.9,1444.1
3889.7,3562.2,1448
3890.1,3554.6,1418.4
4859.3,3410.3,1639.5
4854.2,3409.8,1646.1
4853.2,3409.2,1638
4861.1,3413.2,1632.6
4856.7,3403.6,1646
4856.5,3398.8,1655.9
4852.1,3402.5,1641.6
3894.4,3981.7,1533.5
3898.1,3970,1540.7
3894.1,3976.8,1529.6
3881.4,3996.9,1524.2
3895.1,3977.5,1539.4
3894.4,3987.7,1533.5
3901.9,3980.1,1532.7
3876.3,3957.3,1529.8
3903.1,3981.3,1542.7
3898.9,3982.6,1525.8
3901.4,3985.7,1524.7
4823.9,3105.2,1365.4
4829.5,3093.4,1336.5
4837.4,3106,1335
4822.2,3107.2,1329.1
4829.7,3107.8,1343.8
4825.7,3104.1,1331.5
4822.1,3107.5,1337.8
4832.8,3106.6,1353.6
4233.4,3374.5,477.19
4235.9,3377.9,473.43
4230.7,3352.4,482.49
4232.6,3373.8,469.41
4235.3,3372.5,463.91
4242.5,3370.4,486.03
4230,3378.6,468.63
4225.5,3367.9,467.93
4243.5,3368.5,494.16
4237.2,3366.8,489.04
4236.7,3373.2,443.58
4239.6,3371.6,484.92
4230,3370.6,459.69
4218.7,3384.9,470.21
4906.1,3769.5,1407
4901.4,3772.5,1410.4
4897.8,3764.2,1401
4892.5,3773.2,1402.1
4894.8,3762.7,1407.4
4891.2,3751.7,1400.6
4894.1,3769,1397.5
4898.2,3761.8,1387.1
4897.8,3741.3,1408
4887.4,3754.7,1401.4
4475.7,3289.3,2275.8
4480.4,3285.8,2282.9
4478.1,3294.5,2281.4
4485.1,3284.4,2283.5
4470.5,3276.3,2275.9
4484.7,3296.8,2274.2
4480.1,3280.1,2286.3
4482.8,3290.1,2279.6
4476.7,3292.4,2267
4023.3,3722,1175.3
4023.3,3728.4,1182.7
4023.6,3725,1178.9
4023.1,3721.3,1173.8
4023.5,3719.2,1174.7
4037,3728.3,1176.2
4018.8,3728.1,1174.3
4021.4,3723.2,1176
5567.5,3627.5,1292.2
5571.4,3629.4,1269.7
5570.9,3627.7,1285.4
5566.3,3625.3,1300.9
5568.8,3630.7,1281.6
5568.3,3616.9,1289.4
5557.7,3650.9,1296.3
5540.6,3627.3,1287.6
5568.6,3616.7,1286.7
5563.2,3626.4,1294.6
5572.7,3635.2,1285
5562.2,3617,1281.5
5568.5,3616.6,1287.6
9630.1,9161.2,2468.2
9620,9164.2,2468.9
9620.1,9163.1,2486.8
9616.8,9159.1,2476.1
9618.5,9162.4,2469.6
9605,9170.4,2472.3
9615.8,9170.3,2469.6
9604.4,9160.9,2471.8
9619.9,9163.3,2471.7
9612.1,9168.3,2477.5
9588.2,9161.1,2473.3
9606.4,9176.5,2470.3
9140.9,7964.2,3361.9
9135.1,7955.1,3348.3
9146.5,7966.6,3349.6
9141.8,7961.9,3366.5
9144.4,7982.5,3368
9141.4,7953.9,3344.3
9150.1,7975.5,3357.1
9128.5,7973.9,3351.7
9147.7,7957.8,3357.1
9719.1,8635.8,3141.1
9709.9,8612.3,3146.7
9683.8,8627.7,3147.1
9708.8,8640.1,3157.2
9688.3,8634.1,3142.8
9720.6,8626.5,3149.8
9708.9,8637.3,3146.2
9714.7,8624.6,3161.4
9693.6,8620.6,3175
9714.7,8627.1,3154.7
9720.8,8633.3,3147.8
9555.1,8709.7,1990.3
9555.9,8706.5,1976.4
9547.7,8694.6,1989.2
9519.5,8706.5,1992.4
9537.9,8693.5,2033.2
9537.5,8711.9,1968.3
9544.3,8703.6,2006.5
9560,8697.7,1988.5
9535.7,8699.8,1994.8
9759.9,7800.1,1946.4
9767.1,7826.9,1957
9760.4,7808.4,1968.4
9763.1,7811,1969.3
9766.8,7812,1950.6
9749.5,7808.4,1955.5
9765.4,7803.7,1949.6
9760.2,7812.5,1953.5
9747.2,7813.4,1961.5
9767.3,7809.8,1952.8
9776.5,7815,1950.2
9858.8,8877.3,2508.7
9873.8,8888.1,2496.1
9861.3,8859.4,2502.4
9861.5,8885.8,2512.2
9860.6,8889.9,2499.5
9878.1,8882.4,2499.4
9870.6,8880,2513.4
9883.4,8868.3,2503.7
9873.4,8875.2,2517.2
9878.7,8874.5,2502.7
9870.4,8883.4,2501.7
9867.1,8872.8,2505.5
9921.4,8624.3,3064.5
9912.4,8614.7,3066.3
9920.6,8614.9,3065.9
9920.7,8615.8,3064.9
9915,8618.8,3083.1
9929.1,8623.2,3070.5
9928.9,8609.9,3075.9
9911.7,8624.8,3073.9
9920.2,8613.1,3068.6
8724.9,8261.8,2186.2
8716.1,8265.3,2177.8
8714.7,8273.3,2187.4
8729.6,8252.3,2184.6
8727.7,8266.3,2186.5
8710.2,8273.8,2196.2
8725.2,8260.7,2182.6
8720,8251.8,2190.6
8725.2,8251,2184.2
9224.1,8925.6,3670.6
9208.6,8912.9,3675
9212.9,8912.7,3673.7
9215.2,8911.3,3677.5
9217,8915.1,3669.9
9212,8915.1,3653.9
9206.2,8918.6,3671.3
9209.2,8934.8,3660.4
9214.8,8915.9,3664.3
9648.6,9095,2316.8
9644.2,9090.4,2317.4
9640.9,9113.2,2312.3
9648.5,9090.9,2335.8
9658.9,9080,2321.2
9645.3,9070.5,2313.4
9643.5,9096.2,2324.3
9638.7,9100.9,2323.2
9635.9,9087.8,2330.6
9629.8,9105.6,2323.6
9641.3,9064.5,2317
9643.6,9086.7,2327.9
9644.9,9086.3,2310.1
9526.5,8133.2,2348.2
9522.4,8129.4,2346.7
9511.8,8125,2349.9
9526.4,8138.7,2331.2
9527.7,8122.4,2347.2
9520.9,8124.4,2351.2
9537.6,8123.7,2341.2
9879.7,8187.4,3045.3
9863.6,8171.5,3038.7
9873.1,8181.9,3042.8
9864.1,8189.4,3036.3
9864.5,8182.6,3057.3
9866.7,8179.1,3048.9
9872.8,8177.9,3044.2
9875.3,8196.8,3041.9
9548.7,7539.1,3021.6
9533.2,7540,3038.5
9535.9,7534.9,3029.4
9551.3,7520.5,3030.6
9542.9,7535.5,3026.1
9574.7,7543.1,3020.9
9543,7533.7,3030.6
9544.7,7523.1,3032.2
9545.5,7542.7,3024.8
9546.8,7539.3,3035.7
9326,8595.6,2785.9
9318.7,8602.7,2814.7
9322,8587.1,2800.9
9324.6,8616.9,2812.4
9313,8623.8,2803.1
9319.4,8607.3,2825.3
9320.1,8599.4,2813
9320.4,8617.3,2805.1
9316.7,8602.1,2815.5
9322.4,8609.7,2812.3
9322,8602.4,2821.2
9320,8605.5,2806.2
9321.6,8605.5,2808.1
9235.4,8061.9,3131.1
9234.8,8056.9,3129.6
9225.2,8070.8,3105.8
9233.2,8056.1,3124
9234,8066.8,3123
9229.2,8081.1,3131.9
9238.1,8074.8,3112.3
9237.6,8079.4,3119.4
9244.1,8054.7,3116.2
9235.1,8070.3,3126.1
9238.7,8067.5,3125.1
9910.6,8715.9,2521.5
9898.4,8703.4,2514
9910,8699.2,2498.1
9910.7,8697.2,2488.9
9897.1,8703.7,2488.2
9909.1,8703.9,2500.6
9898.3,8703.9,2511.4
9896.9,8698,2496.8
9906,8710.4,2502.8
9816.8,8340.2,2973.8
9825.1,8340.7,2944.3
9824.7,8337.4,2954.9
9826.6,8346.6,2941.1
9809.3,8348.8,2943.4
9826.5,8335.9,2944.4
9824.1,8347.1,2943.4
9821.4,8346.2,2936.1
9852.8,8341.2,2948.7
9832.1,8350.7,2957.5
9826.1,8323.1,2946.2
9824.7,8357.5,2948
9429,9141.7,2814.8
9434,9126.5,2826.3
9436.3,9132.7,2821.3
9441.9,9137.9,2819.2
9438.7,9140.3,2825.7
9440.6,9137.5,2833.2
9436.2,9144.6,2817.5
9488.9,9146.9,2841.2
9431.4,9132,2806.6
9430.4,9139.9,2818.7
9439.6,9135,2805.6
9436.3,9153.9,2822.6
9439.6,9138,2819.4
9445,9136.9,2828.6
9800.8,8272.6,2506.3
9808.9,8247.9,2544.9
9790.6,8259.7,2483.7
9798.8,8268.6,2476
9795,8263.7,2510.7
9798.3,8274.6,2488.6
9787.7,8266.4,2477.3
8961.3,8854.8,2652.2
8959,8826.7,2666.4
8983.6,8817.3,2683.7
8970.3,8816,2656.2
8952.6,8840.4,2657.1
8983.5,8834.2,2646
8951.9,8821.8,2655.7
8960.6,8823.7,2658
8959,8830.2,2660.6
8958.6,8829.4,2657.2
8964.1,8830.6,2657.5
8970.6,8820.7,2643.4
9610,8242.5,3680.7
9615,8243.9,3676.5
9611.4,8232.4,3680.3
9605.9,8248.9,3683.2
9610.3,8231.6,3677.3
9619.2,8245.1,3679.6
9605.7,8247.7,3668.5
9610.4,8245.8,3689.1
9608.9,8252.8,3671.6
9605.2,8247.9,3680.3
9603.9,8249.2,3701.6
9615.6,8244.1,3687.4
9606,8253.1,3680.4
9584,8064.4,2847.5
9592.7,8064.7,2857.5
9566.5,8064.3,2850.3
9603.9,8071.5,2855.6
9595.2,8058.4,2859.3
9592.6,8067.4,2852.8
9584.3,8063.6,2850.1
9587.5,8063.7,2858.7
9581.7,8066.9,2855.8
9589.9,8063.4,2860.8
9596.4,8037.1,2851.9
9579,8067.5,2857.1
9586.8,8051.6,2856.1
858.75,5058.5,608.35
858.97,5060.1,614.78
863.71,5065.5,612.75
867.72,5058.2,624.45
869.66,5059.2,614.31
862.76,5058.1,611.16
860.75,5055.7,599.79
872.49,5057.2,619.35
863.69,5048.1,613.05
867.8,5057.7,612.08
875.24,5048.2,603.33
877.33,5060.5,607.79
1013.6,5101,1562.5
1008.9,5094,1561
995.68,5120,1563.2
1007,5101.2,1589.7
1008.1,5095.5,1575.6
1006,5100.5,1586.6
1016.2,5108.2,1559.4
2028,5615.8,1566.9
2014.1,5616.2,1557.8
2027,5622.7,1570.1
2038.2,5612.5,1546.5
2045.8,5616.4,1562.7
2039.5,5609.8,1566.6
2028.2,5598.6,1572.2
2024.1,5607.3,1572.5
2028.8,5629.8,1571
1708.6,4979.5,1366.1
1693,4991.9,1369.6
1687.9,4993.7,1381.5
1691.6,4981.1,1381
1709.5,4995.6,1390.2
1694.4,4992.8,1355.1
1697.8,4995.2,1384.4
1703.5,4995.6,1384.5
1691,4991.2,1374.6
1690.3,4998.7,1388.9
1705.1,4992.9,1373.5
1688.7,4984.1,1380.6
1683.2,4991.2,1378.1
1469.4,5173.6,1424
1470.7,5164.4,1443
1470,5198.1,1439.6
1476.2,5175.2,1424.8
1468.5,5193.7,1446.3
1471.6,5180.6,1436.5
1471.9,5178.4,1432.6
1479.5,5183.3,1436.6
1450.1,5179.4,1438.2
1479.6,5178.3,1438.6
1472.9,5172.1,1433.9
1482.9,5193.8,1442.7
1469,5174.4,1441.5
837.48,5708.7,1142.5
828.09,5723.6,1145.6
822.66,5713.3,1147.4
837.64,5716,1135
828.36,5712.9,1142.7
821.49,5704.9,1142.4
838.45,5703.2,1144.3
822.41,5729.6,1148.9
860.84,5075.2,668.93
876.65,5079.5,670.42
894.88,5079.6,664.02
870.04,5078.9,667.41
882.77,5053.4,662.01
873.01,5071.8,665.57
931.3,4076.8,1795.2
943.31,4086.7,1785.5
965.93,4084.6,1784.9
973.35,4095,1771.7
972.6,4085.6,1776.5
965.43,4085.9,1789.7
959.06,4084.5,1785.9
958.26,4095.6,1777.3
963.26,4092.4,1791.1
913.59,5342.7,1005.3
913.57,5330,1009.2
910.47,5326.9,1006.9
924.78,5327.1,1010.1
918.52,5334.7,1004.2
911.98,5345.1,1012.1
914.7,5324,1013.8
923.15,5335,1007
919.12,5327.4,1002.9
909.16,5348.3,995.98
908.74,5333.7,1004.6
900.13,5330,1011.1
1148.1,5768.6,878.63
1137.8,5780.3,909.81
1128.7,5779.6,876.88
1140.8,5773.5,898.34
1154.3,5770.4,890.89
1137.6,5771.5,911.29
1138.6,5779.6,906.7
1138.8,5777,894.89
1152.8,5775.6,910.7
1145.5,5764.1,897.94
1129.8,5783.7,891.39
1730,4945.5,1200.5
1739.2,4902.8,1220.9
1696.7,4919.3,1208.8
1725.1,4913,1200.3
1745.6,4888.1,1216.1
1728.7,4910.3,1210.3
1731.8,4916,1212
1727.9,4918.8,1230.8
1738.1,4906.1,1205.7
1328.5,4341.6,1898.7
1338.7,4325.9,1896.3
1315,4354.3,1902.9
1305.3,4343.3,1902.8
1299.3,4339.9,1915.4
1310.7,4329.9,1901.5
1307,4340.7,1901.1
1314.9,4341.6,1902
1308.6,4340.9,1909.6
1309.3,4338.8,1899
1312.4,4345.4,1906.7
1594.8,4215.3,1083.1
1583.2,4207.9,1080.8
1600.5,4177.8,1080
1594.7,4206.9,1076.4
1609.9,4232,1076.3
1591.9,4191.3,1041.6
1603.2,4198.3,1072
1606.2,4200.5,1089.2
1585.8,4216.2,1083.3
1592.8,4212.4,1074
1600.9,4213.7,1073.1
888.72,5492.1,881.58
905.15,5499.3,870.67
899.03,5494.4,876.9
877.28,5497.1,889.04
887.69,5474.7,869.55
900.57,5496.2,880.02
890.58,5488.8,874.72
891.45,5493.7,893.26
883.32,5474.4,887.76
182.85,6101.2,864.91
167.01,6095.2,875.56
191.74,6092.8,863.43
182.01,6088.7,885.66
191.96,6113.5,918.75
188.05,6102.9,879.12
173.85,6088.2,879.35
1588.6,7712,7949.7
1554.5,7709.9,7946.6
1566.6,7722.9,7946.3
1562.8,7700.2,7952
1572.5,7713.1,7940.9
1571.5,7702.7,7957.9
1558.3,7707.2,7936.8
1577.5,7708.6,7955.8
1521.7,9024.9,8606.8
1524.7,9008,8619.6
1503.8,9019.3,8618.3
1523.4,9006.7,8614.6
1514.5,9025.1,8612.9
1530.4,9015.5,8612.2
1514,9021.8,8613.5
1514.2,9014.1,8605.5
1513.4,9009.1,8611.9
1506.1,9035.3,8616.5
1517.2,9019.6,8607.9
1518.5,9004.2,8620.3
1505.8,9013.5,8616.1
1524.9,9015.6,8612.3
1512.3,9008.4,8615.3
1520.7,9016.3,8619.1
1731.5,8526.7,7929.1
1739.9,8558,7924.2
1750.3,8541.4,7936.3
1739.6,8547,7933.2
1753.1,8536.2,7929.1
1746.7,8536.7,7926.5
1755,8543.9,7927.5
1756.8,8534.8,7921.5
1747.8,8528.2,7926.9
1733.5,8528.3,7920.1
1736.6,8535.7,7915
1756,8545.3,7917.8
1748.1,8534.9,7925.9
1742.7,8535.1,7926.5
1748.1,8539.1,7941.3
1739.8,8523.1,7921.5
1749.4,8547.1,7912.8
1736.6,8550.4,7928.7
1304.9,9510.5,7364.3
1294.8,9513.1,7373.8
1312.8,9537.6,7366.6
1295.4,9507,7365.5
1296.2,9504.2,7378
1307.5,9511.6,7381.6
1306.7,9509.6,7359.7
2540.8,8374.7,8728.1
2530.1,8366.2,8715.9
2548.3,8388.1,8722.4
2528.2,8381.5,8732.4
2546.6,8383.7,8732.1
2534.9,8371.7,8716.9
2530,8375.2,8721.2
2526.1,8366.8,8713.4
2536,8385.7,8720.9
2536.4,8377.7,8715.5
1206.4,8680.5,8001.5
1208.8,8686.4,7995.9
1215,8687.7,8018.3
1208.5,8671,8028.7
1219.1,8667.3,8012.7
1207.8,8672.8,8004.3
1207,8679.2,8004.3
1212.9,8674.5,8000
1213.4,8688.9,8006.7
1210.2,8677.6,7996.8
395.34,9409.5,8683.2
378.59,9416.1,8681.1
399.92,9398.8,8668.2
377.95,9398.2,8675.5
383.92,9413.5,8674.5
362.06,9417.9,8666.8
397.07,9415.6,8672
390.68,9428.3,8668.7
389.96,9425.2,8672.2
384.89,9410.6,8677.5
377.27,9417.3,8665.3
380.31,9412.4,8680.2
383.84,9430.7,8668.7
383.17,9403.7,8676.6
404.93,9412.9,8646.1
386,9410.9,8670.5
992.78,9015.3,7100.1
969.62,9005.8,7115.8
961.66,9006.4,7119
972.64,9010,7109.9
981.79,9007.9,7142.3
976.16,9003.1,7111.4
971.9,9016.5,7108.1
968.48,9009.7,7108.2
965.17,9022.6,7112.8
1080.9,8894.7,9549.4
1110,8906.2,9554.1
1079.8,8893.3,9550.5
1065.6,8904.5,9542
1075.4,8901.7,9547.2
1070.1,8897.4,9546.9
618.51,8587.8,8895.9
620.17,8595.6,8894
597.95,8595.7,8877.5
617.27,8597.3,8859.5
614.78,8590.2,8891.1
619.09,8591.1,8888.9
611.57,8627.7,8896.5
611.14,8584.3,8894.6
618.05,8583.2,8894.6
615.02,8598.3,8907.2
619.53,8587.7,8912
630.2,8589.3,8899
614.23,8593.1,8886.3
1559,8869.3,7525.2
1553.9,8868.2,7521.8
1549.5,8877.8,7518.9
1535.6,8894.4,7515.9
1558.4,8870.9,7518.5
1558.2,8853.2,7522.3
812.35,9718.8,8754.2
814.74,9718,8751.9
805.54,9718.6,8744.3
817.02,9709.7,8744.4
804.1,9701.7,8758
801.7,9723,8753.9
807.91,9731.4,8751.6
813.81,9719.4,8759.5
801.39,9725.7,8755.5
804.02,9713.3,8756.7
809.85,9710.2,8752.9
1510.4,9412.7,7357.7
1510.7,9418.7,7349.2
1515.3,9405.7,7347.6
1520.8,9403.3,7332.9
1521.5,9422.1,7356.5
1516.3,9398.3,7361.5
1509.5,9399.7,7342.9
1515.4,9410.7,7355.8
1511.9,9416.1,7356.4
1517.8,9407.8,7353.7
1522,9405.2,7342.5
1514.6,9407.6,7355.9
1514,9411.3,7366.4
1509.1,9408.2,7347.3
495.26,9886.1,8812.1
493.98,9881.9,8801.1
513.14,9886.2,8799.6
482.63,9878.9,8804.3
509.51,9892.4,8817.1
496.78,9879.4,8817.8
483.27,9896.7,8807.3
486.68,9895.6,8807.3
499.95,9883.1,8812
539.12,8962.6,7887.9
543.34,8965.5,7892.5
542.71,8958.4,7883.9
545.12,8967.6,7885.9
539.92,8970.7,7899.6
556.74,8973.5,7871.2
535.4,8965.1,7877.7
796.67,5287.1,8015.5
795.97,5286.1,8009.4
801.24,5298.9,8008.6
807.03,5283.8,8001.3
802.43,5293.2,8011.3
802.94,5283.3,7990.5
809.95,5281.6,8014.3
801.44,5264.8,8008.9
807.25,5294.9,8003.8
796.83,5294.1,8012.7
815.47,5290.4,7997.9
803.89,5291.6,8014
800.07,5291.1,7998.6
1251.7,3943.6,8849.8
1251.9,3952,8847
1245.8,3954.6,8837.1
1252.4,3963.9,8845.8
1246.8,3960.6,8843.4
1252.9,3956.3,8843.9
1242.3,3935.4,8840.4
1203.9,5034.8,8186.9
1207.9,5037.9,8186
1196.9,5028.5,8179.5
1210.2,5046.3,8182.8
1198.9,5050.6,8189.4
1196.8,5032.1,8191.7
1205.7,5036.5,8185.7
1202.9,5048,8194.1
1202.6,5040.7,8183.3
1197.1,5042.1,8189
1207.5,5065,8184.8
1200.2,5046.2,8191.2
1336.1,3798.7,9189
1322.2,3789.6,9190
1344.8,3782,9213.4
1328.5,3814.2,9196.7
1323.5,3805.2,9191.6
1328.6,3787.7,9190.2
1342.3,3798.2,9188.5
1330.1,3796.5,9191.6
1332.2,3794.2,9188.1
400.42,5071.8,7764.9
390.93,5066,7757.6
397.58,5073,7746.7
397.42,5065.7,7758.3
406.83,5071.8,7744.2
393.93,5087.4,7766.8
390.61,5084.8,7732.5
402.64,5067.8,7759.6
396.88,5062.7,7767.2
408.63,5068.4,7761.8
400.36,5071.7,7748.4
400.54,5068.7,7772.1
1628,4760.8,8170
1627.4,4777.6,8172
1624.1,4767.2,8169.2
1622.3,4765.5,8185.7
1637.7,4775.1,8177.6
1627.9,4770.7,8181.1
1614.8,4765.4,8182.8
1623.5,4760.1,8176.6
1629.5,4750,8176.7
1611.9,4772.4,8220.8
1624,4757.5,8188.4
1621.6,4756.7,8195.2
1625.8,4762.5,8182.5
1084.8,4601.4,7285.4
1060.3,4592.7,7283.3
1078.9,4588.5,7296
1068.4,4590.4,7289.6
1074.9,4581.6,7277.9
1104.1,4582.5,7282.8
1062.3,4601.6,7273.3
1079.1,4577.7,7283.9
1081.4,4574.6,7297.9
1078.3,4572.6,7292.6
1087.6,4592.8,7271.7
1080.1,4597.9,7285.3
546.52,4752.7,7779.7
546.73,4732.3,7787
554.42,4774,7771.7
538.03,4757.6,7787.2
557.45,4732.4,7784.5
550.4,4755.5,7784.2
299.61,4986.7,9463.4
289.63,4991.6,9465.9
283.8,4994.6,9456.9
289.94,4994.6,9460.2
293.95,4999.8,9464.2
285.53,4986.7,9460
301.15,4986.8,9463.3
279.72,4980.7,9463.3
281.43,4992.3,9461.3
281.2,4991.8,9463.9
283.48,4994.3,9465.1
296.34,4987.4,9469.7
303.08,4986,9464.6
298.22,4992.9,9462.2
288.23,4984,9462
303.65,5005.2,9461
1294.3,4743.8,8537.3
1310.2,4740.7,8528.7
1301.8,4736.9,8521.1
1296.5,4744.2,8525.1
1267.1,4741.3,8529.5
1299.2,4737.2,8527.9
1300.2,4740,8544.5
1312.7,4745.8,8521.8
1310.5,4746.7,8523.1
1287.3,4737.1,8531.9
1295.5,4748.1,8528.8
1305.5,4741,8531.3
1271.5,4755,8529.9
556.72,4927.8,8391.4
579.96,4910.2,8403.8
552.23,4912.3,8395
560.51,4907.4,8400.7
549.41,4903.8,8389.7
567.23,4899,8392.2
570.03,4906.7,8385.9
553.32,4912.5,8386.7
559.98,4895.6,8395.7
551.28,4907.7,8394.2
553.51,4905.2,8380.9
558.24,4933.6,8407.6
902.27,4810,7813.2
897.49,4816,7809.9
886.23,4812.9,7814.7
904.8,4807.4,7814
904.04,4810.2,7832
918.16,4805.7,7804.4
898.43,4813.6,7808.8
528.96,4976.1,8208.3
534.92,4969.3,8222.8
527.95,4979.7,8206.5
534.02,4930,8219.3
518.94,4986.5,8207.6
534.77,4981,8208.6
532.5,4977.5,8213.9
529.33,4980,8233
524.73,4972.2,8227
661.61,5819.4,8721.6
677.43,5833.4,8722.5
665.32,5830.2,8720.7
661.3,5836.2,8749.8
686.49,5829.7,8726.3
677.09,5845.4,8734.2
661.35,5843.5,8722.5
683.23,5829,8726
682.88,5834.6,8724.7
1196,4710.7,8483.5
1200.3,4737.5,8492.2
1211.2,4726.8,8496.1
1211.6,4723.9,8497.7
1194.6,4719.2,8490.8
1197.5,4715,8493.5
1697.4,4482.6,8974.3
1693.9,4482.9,8961.3
1669.2,4501.4,8972
1693.2,4476.6,8978.1
1694.7,4471.9,8961
1692.7,4483,8974.7
1113.7,4643,7768.1
1077,4628.3,7775.8
1110.3,4615.5,7763.4
1103.6,4626.9,7769.1
1107,4627.4,7764.1
1122.5,4627,7769
463.49,4619.7,8047
472.45,4622,8054.8
458.1,4637.8,8065.7
464.28,4643.2,8059.2
458.63,4650.3,8059.5
465.56,4624.5,8057.7
466.41,4625.2,8057.6
655.93,4952.4,7776.6
650.01,4916.2,7789.2
650.84,4915.3,7792.8
653.31,4923.8,7806.9
652.9,4922.6,7793.5
9280.9,4281.7,4895.2
9277.8,4282.1,4893.6
9276,4281.8,4897
9670.2,4532.4,6077.1
9664.2,4556,6075.6
9655.7,4542.3,6058.9
9676.9,4531.5,6073.7
9784.6,3927.8,5408.2
9810.5,3914,5402.6
9801.3,3931.5,5416.2
9820.9,3936.2,5413.9
9806.2,3930,5428.7
9794.3,3912.2,5414.5
9792,3922.2,5407.1
9811.1,3925.6,5414.7
9811.7,3930.9,5410.7
9794.5,3931.6,5409
9808.8,3925.4,5390
9805,3926.2,5415.2
9792.6,3927,5414.8
9799,3928.4,5415.5
9813.1,3929.9,5406.9
9800.9,3464.3,5564.8
9811.9,3466.3,5561.1
9804.5,3465.3,5564.4
9793.9,3474.2,5570.8
9806.9,3446.5,5555.5
9798.4,3464.1,5566.4
9804.4,3460.8,5557.9
9799.6,3453.7,5569.5
9995,4154.4,5395
9970.2,4144.2,5400.2
9964.8,4156.3,5394.2
9968.6,4135.6,5399.5
9972.8,4155.1,5394.1
9962.6,4152.8,5391.6
9968.1,4157.5,5395.2
9975.6,4144,5394.7
9964.7,4150.7,5403.9
9963.7,4145.8,5394.7
9955.9,4149.8,5395.3
9973.6,4146.7,5396.9
9937.1,3896.6,6193.7
9937.6,3909.5,6194.9
9931.4,3902,6209
9939.9,3921.5,6210.1
9936.1,3905.7,6198
9935,3914.4,6197.3
9955.6,3895.5,6226.8
9954.1,3916.7,6202.6
9958.5,3916.5,6199.3
9942.6,3902.5,6206.7
9936.1,3908,6199.1
9931.8,3901.7,6208.6
9923.2,3866.3,5439.9
9920.5,3850,5411.8
9912.7,3854.7,5416.7
9922.6,3844.8,5418.2
9934.8,3848.5,5407.6
9909.5,3842.7,5441.1
9921.1,3844.4,5425.3
9458.8,3878.9,5963.2
9442.1,3878.3,5963.5
9448.4,3863,5955
9469.9,3883.5,5995.3
9467,3881.8,5956.5
9460.6,3872.1,5948.6
8892.7,4332.8,5761.8
8894.1,4318.7,5771.8
8897.3,4328.8,5761.9
8909.6,4329.1,5775.1
8894,4339,5767.9
8895.9,4335.9,5758.5
8905.6,4334.8,5773
8896.3,4338.4,5775.5
8884.8,4333.2,5770.8
8890.4,4335.8,5770.7
8898.7,4336.1,5764.2
8903.8,4325.9,5769.4
8899,4335.4,5774.7
8898.2,4341,5771.1
9912.4,3050.5,5097
9919.7,3055.2,5089.9
9920.1,3042.7,5088.8
9913.1,3037.8,5081.6
9913.3,3037.4,5082.7
9912.2,3038.4,5083.6
9910.1,3043.3,5081.6
9922,3027.4,5077
9994,3996,5751.5
9993,3996.4,5771.5
9996.1,4014,5753.2
9992.3,3994.2,5755.3
9995.9,3998.2,5750.4
9997.9,3994.5,5756.1
9985.1,3993.1,5754
9993,3991.5,5758.5
9993,3983.3,5766.3
9985.5,4012.7,5755.7
9991.2,3989.2,5765
9986.9,3994.2,5740.5
9999.3,4000.7,5750.5
9994.9,3982,5765.8
9627.4,4743.5,6191.8
9613.4,4750.1,6183
9629.3,4759.7,6180.4
9620,4756.2,6178.6
9628.3,4746.6,6207.2
9632.9,4744.5,6181.2
9620.7,4754,6186.7
9630.9,4749.3,6173.5
9630.1,4750.2,6181.8
9607.1,4749.3,6190.4
9618.9,4750.1,6184.7
9618.8,4741.4,6186.3
9559.7,3746,5731.6
9556.6,3755.4,5755.2
9563.2,3733.2,5723.2
9551.5,3756.4,5730.4
9557.6,3734,5747.3
9543.8,3735,5723.7
9543.4,3741.3,5727.1
9553.2,3727.7,5740.8
9547,3730.3,5735.7
9566.2,3752.5,5755.9
9552.8,3765.3,5725.2
9554.8,3737.7,5728.8
9553.8,3729,5728.7
9556.4,3744.5,5727.7
9552,3747.9,5738.4
9557.5,3739.6,5726
9687.8,3928.6,5317.6
9677.2,3947.3,5308.1
9695.7,3946.1,5312.4
9685.8,3940.3,5296.9
9714,3945.7,5315.3
9673.1,3942,5297.2
9692.4,3942.7,5303.9
9680.4,3938.7,5301.9
9684.3,3938,5308
9688.4,3942.9,5309.3
9683.1,3945.1,5306.4
9348.4,4171.2,5697
9342.1,4157.8,5675.1
9342.3,4157.8,5676.3
9361.4,4169.2,5670.5
9342.4,4164.6,5672.4
9325.2,4150.7,5679.9
9348.9,4179.3,5677.6
9325.3,4169.6,5658
9341.9,4162.2,5667.1
9343.1,4174.5,5674.7
9343.1,4161,5673.6
9345.7,4160.3,5684.6
9351.9,4165.6,5684.2
9317.2,4158.9,5673.1
8564.5,3887.2,5212.5
8564.8,3894.8,5223
8556.5,3886.3,5215.6
8574.2,3893.9,5197.8
8553.9,3879.4,5224.7
8561,3882.4,5214.1
8553.1,3887.8,5220.3
8569.6,3894.8,5209.7
8559,3887.1,5221.4
9262.1,4720.1,4566.3
9258.9,4718.9,4569.2
9263.9,4716.1,4566.7
9248.5,4718.1,4565.5
9256.8,4756.5,4569.3
9244.1,4721.9,4598.7
9255,4723.8,4569.6
9254,4726.6,4584.4
9254,4717.7,4567.8
9258.8,4723.4,4570.4
9265.5,4724.1,4568.9
9256.3,4719.6,4577.1
9263.1,4711.5,4573.3
9975,5069.9,6668.8
9978.6,5067.4,6659.7
9969.2,5065,6678.1
9972.5,5067.5,6649.1
9981.9,5077,6671.8
9973.9,5070.5,6672.9
9977.8,5069.3,6674.8
9977.6,5077.2,6673.3
9972.4,5069.5,6673.3
9977.9,5071.3,6689.5
9021.7,3464.4,5098.6
9026.7,3454.4,5101.2
8999.4,3453.1,5090.9
9023,3463.4,5093.1
9030.4,3463.6,5083.7
9025.1,3460.4,5092.7
9034,3480.9,5091.3
9044.1,3460.4,5094.4
9682.8,3854.3,5568.3
9682.7,3841.6,5573.7
9679.1,3850.4,5565.8
9690.6,3796.2,5576
9693.4,3844.9,5573.9
9711.4,3853.9,5573.3
9682.6,3843.4,5569.6
9680.5,3836.1,5565
9527.1,4897.6,4927.5
9536.2,4902.3,4927.5
9526.6,4882.9,4919
9518.1,4885,4927
9533.5,4893.7,4927.8
9562.5,4881.4,4922.8
9534.5,4887.6,4930.1
1833.7,2583.7,7737.2
1823.4,2597.4,7711.4
1840.1,2598.8,7724.1
1833,2600.6,7722.6
1812.7,2602.1,7723
1376.5,3140.3,7620
1379.6,3129.9,7606.1
1357.3,3131.3,7608.1
1371.1,3125.1,7606.4
1358.4,3133.5,7616.6
1387.6,3140.9,7611.2
1390.5,3134.2,7626.2
1369.6,3121.8,7614.2
1359.3,3124.4,7621.4
1362.4,3126.2,7623.9
2129.9,3755.7,7823.9
2138.5,3751.5,7830.9
2123.1,3760.8,7812
2133.4,3759.6,7806.2
2134.5,3759.7,7809.8
2127.4,3748.8,7807.6
2130.8,3754.6,7819.5
2156.8,3756.6,7806
2154.3,3761.3,7832.5
2126.8,3748.1,7792.7
2131.8,3761.7,7814.2
2139.8,3757.7,7797.7
1354.7,2725.9,7740.8
1351.8,2728,7733.4
1342.7,2699.2,7731.9
1337.9,2726.6,7720.8
1347.6,2722.9,7742.5
1348.8,2725.3,7734
1341.6,2726.8,7735.5
1340.2,2726,7737.5
1347.5,2729.3,7728.5
2544.4,2666.8,8463.5
2546.8,2680.9,8465.9
2527.5,2676.4,8462.4
2547.9,2680.4,8462.5
2550.7,2672.6,8466.2
2549.5,2676.2,8460.2
2551.4,2669.4,8457.9
2560.8,2676.6,8465.1
2536.4,2654.4,8449.4
1859.1,3158.5,7877.2
1853.5,3172.1,7873.9
1850,3165.7,7876.6
1856.5,3166.4,7890.6
1851.8,3165.4,7897.5
1865.5,3142.7,7881.5
1863.5,3155.2,7880.7
1855.2,3163,7884.2
1847.6,3167.3,7882.1
1860.1,3166.5,7867.5
1856.9,3168.5,7878.1
1856.2,3161.4,7879.8
1858,3158.2,7889.5
1869.5,3164.5,7880.8
2250.6,2470.8,8637.7
2254.7,2468.5,8633.9
2251.1,2458.2,8644.8
2255.6,2457.2,8631.6
2255.4,2451.3,8647.2
2257.2,2456.5,8649.2
2248.1,2467.1,8623.8
2249.2,2459.1,8639.2
2254.5,2473.3,8643.2
2256.6,2460.2,8633.5
2247.4,2470.7,8628.2
2252.6,2459.1,8651.8
2256.7,2469.9,8628
2255.9,2459.7,8635.2
2821.6,2783,8153.3
2812.4,2780.5,8142.3
2822.5,2795.7,8148
2807.7,2790.5,8149.6
2803.8,2781.2,8146.5
2817.6,2790.5,8160.5
2820.4,2771.3,8143.5
2826.7,2770.9,8150.1
2822.7,2793.5,8149
2816.5,2768.7,8121.3
2810.8,2775.5,8151.2
2820.7,2778.4,8139.8
2808.7,2783,8136.4
2810.1,2782,8180.3
1689.4,2259.5,8633.5
1675.7,2257.7,8636
1670.5,2257.1,8629.4
1664.7,2260.7,8650.2
1699.4,2258.6,8639.7
2641.3,2420,7981.3
2669.4,2416.2,7963.9
2638.8,2428.6,7975.1
2634.3,2423.7,7969.3
2627.6,2422.4,7968.5
2641.2,2414.5,7974.7
2626.7,2444,7989
2635,2417.3,7994.9
1866.3,3571.7,7200.7
1868,3568,7196.1
1856.6,3567,7199.3
1852.2,3573.5,7203.8
1873.5,3578.8,7197.5
1857.4,3553.6,7206.7
1857.2,3574.2,7200.9
1864.9,3587.6,7200
1856.3,3580.4,7198.2
1858.9,3579.1,7200.2
1853.7,3583.1,7194.1
1852.7,3558.7,7210.8
1865.6,3574.5,7194.6
1783.3,3421.5,7590.6
1779.9,3409.6,7586
1779.6,3416.2,7589.5
1775.9,3407.1,7585.2
1779.1,3419.8,7572.1
1769.8,3414.9,7597.2
1769,3408.5,7580.7
1778.3,3411.9,7587.5
840.63,2132.3,7967.7
851.92,2127.7,7966.6
852.85,2135.5,7984.1
850.66,2125.1,7975.1
858,2122.9,7965.7
856.52,2113.6,7976.3
854.1,2119.1,7982
851.07,2127,7983.7
858.79,2101.6,7995.4
2213.1,3582.4,8199.9
2206.2,3593.2,8196.4
2204.4,3588.1,8177.9
2192.8,3588.1,8196.1
2213.6,3583.2,8201
2213,3556,8197
2204.8,3593.7,8205.7
2212.2,3575.2,8197.1
2197.6,3569.1,8202
2212.1,3582.3,8213.2
2216,3599.7,8210
2206.5,3599.1,8196.4
2210.5,3567.2,8195.6
2180.8,3586.1,8182.4
2748.7,2594.1,8326.7
2757.6,2600,8334.3
2757.4,2594.3,8333.9
2755.8,2591.7,8330.8
2748.8,2592.9,8331.9
2757.2,2592.3,8326.8
2766.9,2588.9,8332.5
2757.2,2591.1,8325.3
2744.8,2586.7,8320.9
2757.3,2585.8,8316.4
2762.4,2598.3,8329
2756.5,2596.3,8318.9
2753.4,2598.5,8319.7
2750.4,2593.8,8325.8
2764.2,2592.2,8323.5
2757.2,2593.7,8325
2761.4,2590.3,8322.4
2235.1,2824,8634.4
2239.8,2840,8627.2
2228.5,2815,8632.2
2235.8,2826.6,8640.1
2237.7,2823.8,8616.3
2253.2,2836.7,8631.8
2229,2805.5,8632.5
2225.9,2813.1,8635.9
2237.3,2820.6,8632.7
2174,1554.9,7969.5
2177.5,1566.4,7980.3
2175.3,1571.9,7968.1
2169.8,1566.1,7961.4
2181.6,1564.6,7962.9
2168.4,1566.2,7959.5
2178.7,1566.6,7964.5
2181.8,1579.7,7972.3
2178.1,1562.3,7965.1
2168.3,1571.2,7956.7
2176.7,1567.8,7963.2
2183.2,1561.8,7970.5
2166.7,1560.6,7981.2
2184.5,1558.5,7973.5
1286.1,2411,7794.2
1293.5,2413.1,7789.2
1286.7,2409,7774.7
1279.7,2408.6,7788.8
2601.7,3114.7,7624
2620.3,3103.4,7635.9
2617.2,3108,7622.9
2643.5,3108.7,7621.7
2632.4,3111,7620.3
2634.4,3105.3,7637.2
2630.2,3117.2,7623.9
2623,3114.6,7628.8
2623.9,3119.2,7615.9
2599.6,3107.9,7627.7
1874.6,3258.6,8308.7
1888.1,3271.2,8309.3
1864.5,3256.8,8322.3
1873.6,3270.5,8313.4
1885.5,3265.1,8260.6
1873.8,3267.3,8312.8
1884.7,3282.5,8310.4
1881.6,3265.2,8311.5
1880.5,3272.6,8306.7
1867.1,3265.5,8325.4
1876.5,3266,8311.9
1880.3,3272.4,8318.3
1887.9,3260.2,8292.7
1644,2915.7,8105
1637.9,2913.3,8107.2
1643.8,2920.7,8098.3
1639.9,2916.3,8103.3
1638.3,2913,8111.2
1645.6,2919.1,8111
1638.9,2916,8109.3
1649.5,2934.8,8103.1
1633,2920.9,8117.3
1642.2,2924,8103.7
1635.8,2918.9,8105
7296.6,9284.1,7775.7
7306,9286.5,7777.9
7333.6,9288.7,7770.4
7310.9,9288.1,7770.4
7309.4,9286.4,7759.4
7314.8,9302,7775.5
7326.7,9290.9,7777.5
7311.7,9291.8,7777
7310.5,9287.2,7763.1
7308.8,9280.9,7760
7317.5,9281.3,7767.1
7307.1,9281.9,7777.1
7318.1,9286.6,7773.5
8148.8,8845.3,6871.7
8126.5,8838.8,6881.5
8117.8,8856.7,6873.3
8130.4,8847.5,6861.5
8142.4,8844.9,6877.7
8133.5,8850.6,6884
8130.7,8826.7,6877.2
8132.1,8843.6,6877.2
8122,8836.3,6886.6
8125.6,8846.8,6883
6810.9,9977.1,6991.7
6817.5,9959.8,6955.6
6818.8,9976.7,6970.4
6806.5,9970.4,6954.2
6823.3,9980.5,6946.2
6819.3,9972,6963.3
6827.7,9977.8,6936.6
6820.6,9978.2,6960.7
6868.2,9809.7,8273.2
6853.6,9840.3,8291
6856.6,9839.6,8303.9
6862.2,9842.6,8279
6867.7,9823.1,8283.5
6866.9,9841.5,8300.6
6866.1,9840.9,8285.6
6859.7,9839.9,8284.8
6863.3,9862.2,8287.3
6862.1,9833.2,8289.3
6842.4,9838.5,8275.1
7498.7,9452.4,6380.2
7287.7,9915,6985.2
7290,9923.6,6988.4
7296.3,9934,6971.3
7297.2,9931.8,6991.1
7293.9,9927.7,6975.2
7297,9926.1,6990.6
7292.1,9930,6995.5
7729.4,9395.1,6740.1
7738.1,9393.5,6733.6
7742.4,9392.7,6728.8
7736.9,9402.1,6726.7
7721.5,9405.6,6723.7
7733.4,9396.2,6730.9
7718.5,9393.9,6723
7733.3,9400.6,6727.1
7723.4,9400.5,6709.4
7767.8,9398.7,6743.4
7733.7,9405.1,6728.5
7739.8,9394.7,6730.4
7739.3,9398.9,6726.4
7725.3,9400.2,6740.1
7314,9995.2,7182.7
7306.8,9988.7,7201.9
7314.4,9982.5,7198.5
7311.2,9978.5,7205
7315.9,9979.7,7205.5
7313.6,9986.7,7196.4
7303.7,9979.5,7211.4
7309.9,9980.1,7205.2
7308.5,9992.6,7196.1
7285.8,9981.4,7203.5
7291.1,9490.3,7136.8
7293.8,9496.6,7121.9
7295.8,9485.5,7138.5
7299.4,9484.8,7123
7307.1,9477.5,7120.6
7339.8,9218,6198.9
7337.6,9238.2,6187.1
7323.7,9217.4,6187
7338.9,9213.1,6192.6
7353,9217.5,6188.5
7308.8,9212.3,6190.9
7332.7,9214.4,6199.8
7346.4,9215.2,6194.3
7322.7,9211.2,6175.8
7343.5,9214.6,6175.7
7336,9221.3,6198.6
7492.6,9970.9,7945.2
7480.1,9979.2,7939.3
7490.4,9979.4,7945.4
7492.7,9980.7,7934.2
7493.9,9988.8,7939.7
7491.8,9983.3,7941.5
7476.9,9992.3,7932.9
7161.6,9230,6713.5
7168.1,9230.2,6711.4
7159.8,9227.8,6704.8
7146.4,9226,6732.3
7153.7,9215.5,6722
7162.6,9226.8,6710.7
7147.5,9224.3,6718.1
7157.1,9231.4,6717.6
7147.1,9216.4,6705.2
7163.4,9220,6741.1
7165.2,9238.7,6719.1
7147.4,9225.5,6721.7
8073,8634.3,6303.9
8067.1,8645.3,6312.8
8106.3,8643.6,6324.5
8087.1,8635.4,6319.2
8042.9,8636,6312.5
8074.5,8629.1,6341
8070,8639.9,6310.7
8076.2,8640.9,6319.3
8073.6,8639.8,6329.9
8065.9,8643.3,6318.5
8078.6,8637.4,6331.3
8070.9,8644.8,6319.2
8066.6,8655,6309.7
8061.4,8657.6,6315.4
8073.2,8636.3,6313.4
8070.8,8631.4,6328.2
6578.1,9213.8,7501.4
6584.2,9231.9,7505.5
6572.2,9232.2,7507.6
6574.7,9226.4,7511
6576.8,9217.5,7474.7
6572.6,9226.8,7507.3
6567.2,9216.7,7511.1
6573.5,9234.5,7500.4
6589.5,9230.5,7496.2
6594.4,9227,7508.4
7270.1,9684.8,6587.9
7284.7,9685,6544.4
7270.4,9725.4,6549.8
7276.4,9686.2,6557.2
7273.7,9694.8,6558.6
7276.3,9695.9,6553.2
7279.8,9691.6,6559.9
7257.4,9681.7,6546.5
7277.1,9696,6556.7
7276.7,9701,6551.3
7267.2,9687.8,6557.4
7275.4,9686.2,6547.4
7277.6,9689.9,6555.1
7285.7,9691.5,6557
7412.2,9872.2,6862.4
7415.2,9875.8,6887.1
7405.8,9866.7,6899.6
7429.4,9891.9,6903.9
7410.4,9882.8,6897.7
7409.3,9870.8,6921.7
7421.9,9867.4,6887.8
7409.2,9886.3,6901.7
7405.6,9866.7,6899.6
7431.1,9873.2,6894.9
7418.2,9868,6879.6
7432.6,9871.9,6892.6
